DROP DATABASE IF EXISTS kuznetsov;
CREATE DATABASE kuznetsov;
USE kuznetsov;

DROP TABLE IF EXISTS employees; -- сотрудники ОКБ
CREATE TABLE employees (
	id BIGINT UNSIGNED NOT NULL AUTO_INCREMENT PRIMARY KEY,
	firstname VARCHAR(50),
    lastname VARCHAR(50),
    email VARCHAR(120) UNIQUE,
    phone BIGINT UNSIGNED UNIQUE,
    
    INDEX users_firstname_lastname_idx(firstname, lastname)
);

INSERT INTO employees (id, firstname, lastname, email, phone) VALUES 
('1', 'Tracy', 'Brekke', 'karolann20@example.com', '1'),
('2', 'Kailee', 'Mann', 'hattie99@example.net', '4703275830'),
('3', 'Jerald', 'Beer', 'chris86@example.net', '251184'),
('4', 'Jake', 'Bayer', 'aharris@example.com', '0'),
('5', 'Kameron', 'Koepp', 'antonina.okuneva@example.com', '875167963'),
('6', 'Vidal', 'Gerhold', 'era.jaskolski@example.net', '72'),
('7', 'Emmanuel', 'Weber', 'nherman@example.org', '824'),
('8', 'Aron', 'Labadie', 'bryce.schamberger@example.net', '449027'),
('9', 'Amari', 'Satterfield', 'terrance49@example.org', '985942'),
('10', 'Joel', 'Dooley', 'ekris@example.org', '802'),
('11', 'Cassidy', 'Langosh', 'lschaefer@example.net', '405282'),
('12', 'Elna', 'Bartell', 'kelley64@example.net', '398'),
('13', 'Kathryne', 'Schaefer', 'linwood.christiansen@example.com', '40712'),
('14', 'Dusty', 'Klocko', 'vern.barrows@example.com', '166863032'),
('15', 'Adriana', 'Heller', 'rodrick70@example.org', '60'),
('16', 'Leilani', 'Hermann', 'kunze.casandra@example.net', '509'),
('17', 'Leonard', 'Labadie', 'halvorson.beryl@example.com', '3383279351'),
('18', 'Michel', 'Stehr', 'rosella29@example.com', '586'),
('19', 'Guadalupe', 'Zemlak', 'bradtke.ellie@example.com', '109744'),
('20', 'Isaias', 'Gerlach', 'xohara@example.net', '589652'),
('21', 'Arely', 'Simonis', 'merritt89@example.net', '189'),
('22', 'Marlen', 'Reichert', 'rowe.alvera@example.net', '84'),
('23', 'Wilmer', 'Wilkinson', 'jamel68@example.net', '52889'),
('24', 'Ray', 'Stiedemann', 'bode.john@example.net', '6524235833'),
('25', 'Bryana', 'Kris', 'uabbott@example.com', '93'),
('26', 'Joan', 'Bradtke', 'boyle.hassie@example.net', '848592'),
('27', 'Celestino', 'Anderson', 'rogahn.dana@example.org', '811544'),
('28', 'Anissa', 'Dooley', 'jaylon19@example.org', '300655'),
('29', 'Beau', 'Hermiston', 'wschiller@example.org', '23'),
('30', 'Jovani', 'Von', 'eleonore.sanford@example.net', '163683'),
('31', 'Lawson', 'Goldner', 'keebler.caroline@example.net', '538332'),
('32', 'Ewald', 'Smith', 'bartell.adrien@example.com', '374'),
('33', 'Daisha', 'Pouros', 'eva49@example.org', '838'),
('34', 'Cody', 'Glover', 'gibson.cortney@example.com', '38'),
('35', 'Mia', 'Schamberger', 'vgreenfelder@example.com', '408870'),
('36', 'Vicente', 'Prosacco', 'timothy87@example.com', '69'),
('37', 'Agustina', 'Wilkinson', 'catharine93@example.org', '821643'),
('38', 'Kaelyn', 'Hettinger', 'araynor@example.org', '264'),
('39', 'Salvador', 'Hyatt', 'althea.shanahan@example.net', '48'),
('40', 'Lourdes', 'Ankunding', 'bjakubowski@example.net', '10'),
('41', 'Keon', 'Littel', 'jakubowski.gianni@example.org', '727'),
('42', 'Griffin', 'Kassulke', 'ngutmann@example.org', '368706'),
('43', 'Hildegard', 'Davis', 'pkub@example.net', '51'),
('44', 'Adrian', 'Shields', 'judd.kunde@example.com', '811'),
('45', 'Ubaldo', 'Effertz', 'gabriel14@example.com', '470000'),
('46', 'Horace', 'Auer', 'vivienne.damore@example.com', '280'),
('47', 'Lukas', 'Hand', 'schimmel.mireya@example.com', '679313'),
('48', 'Asha', 'Romaguera', 'brendan88@example.org', '173'),
('49', 'Kaley', 'DuBuque', 'flatley.caroline@example.net', '625'),
('50', 'Fanny', 'Macejkovic', 'zetta66@example.org', '5259644004'),
('51', 'Okey', 'OKeefe', 'mclaughlin.velva@example.org', '524'),
('52', 'Clifton', 'Davis', 'fhammes@example.org', '857701'),
('53', 'Berenice', 'Homenick', 'kirstin50@example.net', '454476'),
('54', 'Ron', 'Lynch', 'moconnell@example.net', '626'),
('55', 'Eliza', 'Russel', 'payton38@example.org', '836'),
('56', 'Hilda', 'Batz', 'lesley32@example.net', '6093206849'),
('57', 'Evalyn', 'Metz', 'hartmann.buster@example.org', '767771'),
('58', 'Lessie', 'Frami', 'ansley23@example.net', '488'),
('59', 'Milan', 'Kohler', 'lemke.lorine@example.com', '856'),
('60', 'Magdalena', 'Kiehn', 'marks.madilyn@example.net', '34247'),
('61', 'Gilda', 'Ziemann', 'wanda.kemmer@example.org', '819'),
('62', 'Vern', 'Steuber', 'rashawn.wisozk@example.net', '598193'),
('63', 'Mafalda', 'Harvey', 'rwill@example.org', '3430081578'),
('64', 'Julie', 'Walter', 'geo21@example.com', '996'),
('65', 'Maye', 'Strosin', 'kpfannerstill@example.org', '947'),
('66', 'Layla', 'Donnelly', 'cristina98@example.org', '1948160838'),
('67', 'Citlalli', 'Leffler', 'hahn.dessie@example.com', '915026'),
('68', 'Orlo', 'Beatty', 'zhoeger@example.net', '96'),
('69', 'Tabitha', 'Pfannerstill', 'maybelle.hermann@example.org', '439939'),
('70', 'Rubie', 'Zieme', 'zelda58@example.net', '384820'),
('71', 'Ivory', 'Moore', 'ethel86@example.net', '2868112297'),
('72', 'Liliana', 'Friesen', 'vallie86@example.com', '312'),
('73', 'Angelo', 'Reichel', 'virgil75@example.net', '46'),
('74', 'Doris', 'Rolfson', 'djohnson@example.org', '734'),
('75', 'Norwood', 'Walsh', 'zohara@example.org', '837517'),
('76', 'Cydney', 'Hilll', 'angelo82@example.net', '34'),
('77', 'Alba', 'Gutmann', 'felicita.price@example.org', '30'),
('78', 'Matilda', 'Dietrich', 'eugenia.little@example.net', '445'),
('79', 'Magnus', 'Bogan', 'yvette67@example.net', '91'),
('80', 'Emelie', 'Herman', 'marjorie.osinski@example.net', '88293'),
('81', 'Leila', 'Gutkowski', 'boehm.lavon@example.com', '799265'),
('82', 'Ruben', 'Ebert', 'larue94@example.com', '94'),
('83', 'Anna', 'Friesen', 'hkoepp@example.net', '318514179'),
('84', 'Conner', 'Russel', 'qadams@example.net', '1727666941'),
('85', 'Alfred', 'Lowe', 'mraz.clay@example.net', '783'),
('86', 'Garfield', 'Wisozk', 'whartmann@example.com', '196'),
('87', 'Haleigh', 'Mills', 'hcrist@example.com', '202727'),
('88', 'Toni', 'Fahey', 'stanton.melba@example.org', '61'),
('89', 'Ellie', 'McKenzie', 'rkonopelski@example.org', '114229'),
('90', 'August', 'Jacobi', 'delmer.gislason@example.org', '487354'),
('91', 'Eleazar', 'Upton', 'jcartwright@example.com', '377785'),
('92', 'Cierra', 'Gibson', 'metz.danny@example.org', '576476'),
('93', 'Alisa', 'Nienow', 'elliott15@example.net', '194190'),
('94', 'Kian', 'Greenfelder', 'xwilderman@example.com', '51806'),
('95', 'Buford', 'Prohaska', 'yspencer@example.net', '8994321769'),
('96', 'Armani', 'Swaniawski', 'nhahn@example.net', '607171'),
('97', 'Janiya', 'Padberg', 'xbergnaum@example.org', '186'),
('98', 'Kristy', 'Oberbrunner', 'west.erna@example.net', '14862'),
('99', 'Gordon', 'Hand', 'hunter.gutkowski@example.net', '415'),
('100', 'Eric', 'Hagenes', 'lolita63@example.com', '393139');

DROP TABLE IF EXISTS post_employees; -- должности сотрудников ОКБ
CREATE TABLE post_employees (
	id SERIAL,
	name VARCHAR(150)
);

INSERT INTO post_employees (name) VALUES
('Design engineer'),
('Design engineer category 3'),
('Design engineer category 2'),
('Leading design engineer'),
('Expert'); 

DROP TABLE IF EXISTS profiles_employees; -- профили сотрудников ОКБ
CREATE table profiles_employees (
	employee_id BIGINT UNSIGNED NOT NULL UNIQUE,
	post_employees_id BIGINT UNSIGNED NOT NULL, 
    gender CHAR(1),
    birthday DATE,
	salary INT UNSIGNED,
    created_at DATETIME DEFAULT NOW(),
    
    FOREIGN KEY (employee_id) REFERENCES employees(id),
    FOREIGN KEY (post_employees_id) REFERENCES post_employees(id)
    
);

INSERT INTO profiles_employees (employee_id, post_employees_id, gender, birthday, salary, created_at) VALUES 
('1', '1', 'M', '1994-01-26', 42000, '1992-10-19 15:56:22'),
('2', '2', 'F', '1984-12-18', 42298, '2016-02-09 04:35:00'),
('3', '3', 'F', '1979-07-29', 8400, '2016-11-27 23:35:19'),
('4', '4', 'M', '1993-06-15', 39326, '1993-06-10 16:18:42'),
('5', '5', 'F', '1990-04-14', 28344, '1980-09-09 20:35:01'),
('6', '1', 'M', '1973-09-21', 4648, '1994-01-12 12:43:54'),
('7', '2', 'F', '1975-01-09', 5011, '2004-01-08 09:33:51'),
('8', '3', 'F', '1987-09-02', 32000, '1993-11-12 21:21:53'),
('9', '4', 'M', '1997-09-22', 7408, '1970-12-31 03:30:25'),
('10', '5', 'M', '1972-09-26', 59445, '1971-11-22 04:13:29'),
('11', '1', 'M', '1992-12-18', 32548, '1979-12-07 09:42:25'),
('12', '2', 'M', '1998-05-06', 30247, '1975-10-28 06:45:21'),
('13', '3', 'F', '1976-02-08', 64292, '1992-01-18 05:25:25'),
('14', '4', 'M', '1977-02-11', 89456, '2019-08-17 00:16:53'),
('15', '5', 'M', '1990-10-04', 39326, '2008-10-31 03:01:16'),
('16', '1', 'M', '1985-01-19', 33326, '1992-12-15 04:27:05'),
('17', '2', 'M', '1983-12-08', 32326, '1974-02-03 16:36:37'),
('18', '3', 'M', '1996-11-19', 31326, '1983-07-17 13:57:12'),
('19', '4', 'M', '1984-10-16', 71042, '2004-01-10 01:04:28'),
('20', '5', 'M', '1986-12-15', 25454, '2018-02-06 11:08:12'),
('21', '1', 'F', '1993-01-10', 16546, '1989-04-14 18:10:17'),
('22', '2', 'F', '1993-12-09', 29651, '2000-10-28 13:31:13'),
('23', '3', 'M', '1970-08-23', 76254, '1980-08-12 11:24:03'),
('24', '4', 'M', '1989-07-14', 67164, '1974-10-16 00:05:48'),
('25', '5', 'F', '1974-02-17', 25646, '1972-07-23 09:53:43'),
('26', '1', 'F', '1993-08-30', 70996, '2016-10-20 05:51:00'),
('27', '2', 'M', '1983-08-31', 44564, '2003-07-21 23:06:12'),
('28', '3', 'M', '1973-02-11', 49072, '1978-09-25 07:16:33'),
('29', '4', 'F', '1996-09-18', 73151, '2010-10-18 01:17:48'),
('30', '5', 'F', '1975-12-09', 26454, '1988-03-25 04:58:03'),
('31', '1', 'F', '1985-05-11', 83482, '1991-04-20 13:10:00'),
('32', '2', 'F', '1996-11-08', 61765, '2011-10-21 08:07:34'),
('33', '3', 'F', '1989-08-17', 28037, '1985-11-01 08:29:08'),
('34', '4', 'M', '1988-05-24', 66878, '2010-05-25 22:43:48'),
('35', '5', 'M', '1995-02-26', 95361, '2000-05-18 11:05:54'),
('36', '1', 'F', '1992-01-11', 14502, '2017-04-03 14:00:15'),
('37', '2', 'F', '1986-08-22', 68459, '1970-03-02 14:41:56'),
('38', '3', 'M', '1978-10-15', 36120, '1986-02-25 20:55:19'),
('39', '4', 'M', '1984-07-26', 59704, '2017-07-25 01:29:59'),
('40', '5', 'F', '1974-05-08', 38371, '2006-09-25 13:59:27'),
('41', '1', 'F', '1990-06-11', 86267, '1987-08-17 16:20:31'),
('42', '2', 'M', '1980-06-03', 26301, '2019-09-13 10:30:13'),
('43', '3', 'F', '1980-12-20', 86464, '1970-10-17 18:10:57'),
('44', '4', 'F', '1984-03-11', 64654, '1981-01-14 19:01:43'),
('45', '5', 'F', '1971-09-01', 53108, '2000-09-19 14:33:57'),
('46', '1', 'M', '1971-06-11', 8221, '1978-03-16 09:41:10'),
('47', '2', 'M', '1977-04-11', 26424, '1987-12-24 03:51:22'),
('48', '3', 'M', '1996-06-15', 57145, '1995-07-06 04:03:08'),
('49', '4', 'M', '1999-05-02', 54565, '2008-01-23 14:07:59'),
('50', '5', 'F', '1977-12-10', 60954, '2012-03-21 01:43:35'),
('51', '1', 'M', '1993-01-21', 23744, '1988-06-13 15:02:31'),
('52', '2', 'F', '1978-01-15', 13246, '1976-03-19 01:01:49'),
('53', '3', 'M', '1983-10-17', 62130, '1983-06-10 08:23:14'),
('54', '4', 'F', '1985-11-08', 29265, '1988-07-26 19:00:55'),
('55', '5', 'M', '1977-11-13', 76276, '2017-12-16 14:46:28'),
('56', '1', 'F', '1985-10-22', 14299, '2004-12-15 19:56:35'),
('57', '2', 'F', '1978-02-02', 98445, '1999-06-16 13:42:26'),
('58', '3', 'M', '1976-11-21', 17297, '1970-11-25 21:38:58'),
('59', '4', 'M', '1986-12-30', 68058, '1982-01-27 21:11:07'),
('60', '5', 'M', '1986-09-19', 74465, '1979-02-11 00:01:26'),
('61', '1', 'F', '1973-08-26', 54261, '1982-08-30 22:36:04'),
('62', '2', 'F', '1984-07-02', 58665, '1993-03-31 20:27:45'),
('63', '3', 'M', '1990-05-19', 90195, '2015-09-19 20:05:05'),
('64', '4', 'F', '1992-02-07', 21545, '2020-04-29 04:08:02'),
('65', '5', 'F', '1984-05-06', 92031, '1990-06-16 20:59:03'),
('66', '1', 'F', '1984-08-02', 37902, '1990-07-11 14:46:07'),
('67', '2', 'F', '1984-09-17', 28976, '1972-06-13 11:15:14'),
('68', '3', 'F', '1980-06-24', 69665, '2002-08-19 21:43:13'),
('69', '4', 'F', '1984-09-06', 75522, '2008-08-14 12:01:55'),
('70', '5', 'F', '1979-02-28', 52316, '2018-10-08 01:04:58'),
('71', '1', 'F', '1984-01-01', 44465, '1977-03-17 01:21:40'),
('72', '2', 'M', '1973-09-12', 20648, '1994-11-27 13:06:35'),
('73', '3', 'M', '1973-11-27', 21564, '2001-07-04 23:10:46'),
('74', '4', 'F', '1977-11-02', 88803, '2005-03-09 14:20:59'),
('75', '5', 'M', '1984-03-16', 66554, '1984-10-22 00:11:44'),
('76', '1', 'M', '1999-12-17', 35228, '2017-10-21 08:31:12'),
('77', '2', 'M', '1999-04-29', 85537, '1992-01-30 06:23:20'),
('78', '3', 'M', '1998-10-31', 45155, '1988-05-25 14:56:09'),
('79', '4', 'F', '1979-02-16', 50082, '1981-09-18 16:23:11'),
('80', '5', 'M', '1996-05-30', 4658, '1974-11-05 19:32:57'),
('81', '1', 'M', '1995-06-30', 10669, '1999-10-18 01:50:35'),
('82', '2', 'M', '1980-10-25', 98505, '1973-09-04 11:49:00'),
('83', '3', 'F', '1972-05-18', 8781, '1998-12-06 02:48:22'),
('84', '4', 'F', '1995-05-06', 16546, '1990-11-02 09:59:44'),
('85', '5', 'F', '1984-09-20', 37564, '1986-05-13 18:02:31'),
('86', '1', 'F', '1984-11-22', 44835, '2006-06-14 13:21:56'),
('87', '2', 'F', '1996-08-04', 66564, '1972-09-05 17:24:18'),
('88', '3', 'F', '1984-05-11', 25188, '2003-11-05 00:32:03'),
('89', '4', 'F', '1996-03-04', 6465, '2006-01-09 11:32:47'),
('90', '5', 'M', '1996-08-23', 19558, '1994-03-11 00:47:09'),
('91', '1', 'M', '1987-01-27', 46464, '2001-10-05 01:35:37'),
('92', '2', 'F', '1984-09-01', 22126, '2017-09-23 03:43:23'),
('93', '3', 'F', '1970-10-24', 12347, '1978-11-26 12:00:54'),
('94', '4', 'M', '1994-06-23', 64546, '1978-08-21 11:30:54'),
('95', '5', 'M', '1978-08-07', 56863, '2019-07-05 01:00:08'),
('96', '1', 'F', '1970-09-17', 83696, '1998-03-21 11:31:03'),
('97', '2', 'F', '1983-05-13', 78925, '1987-01-16 14:39:05'),
('98', '3', 'M', '1988-12-03', 42338, '1978-11-14 21:25:48'),
('99', '4', 'F', '1987-06-18', 44644, '1984-11-11 18:51:29'),
('100', '5', 'F', '1979-11-21', 54302, '1993-06-25 03:20:59');

DROP TABLE IF EXISTS departments; -- отделы ОКБ
CREATE TABLE departments(
	id SERIAL,
	name VARCHAR(150),
	desription TEXT,
	head_department BIGINT UNSIGNED NOT NULL, -- начальник отдела
	
	INDEX departments_name_idx(name),
	FOREIGN KEY (head_department) REFERENCES employees(id)
); 

INSERT INTO departments (id, name, desription, head_department) VALUES 
('1', 'D-1', 'Secret department', '56'),
('2', 'D-2', 'Compressor department', '2'),
('3', 'D-3', 'Combustion chambers department', '20'),
('4', 'D-4', 'Turbine department', '88'),
('5', 'D-5', 'Department of Thermophysics', '54'),
('6', 'D-6', 'Experimental department','12'),
('7', 'D-7', 'Department of Thermogasdynamics','99'),
('8', 'D-8', 'Strength department', '87'),
('9', 'D-9', 'Advanced Development Department', '67'),
('10', 'D-10', 'Advanced Development Department', '11'),
('11', 'D-11', 'Rocket Engines Division', '90'),
('12', 'D-12', 'Support department', '23'),
('13', 'D-13', 'Chief Designers Service', '33'),
('14', 'D-14', 'Planning department', '48'),
('15', 'D-15', 'Comprehensive research department', '50');

DROP TABLE IF EXISTS employees_departments; -- информация о том в каком отделе состоит сотрудник
CREATE TABLE employees_departments(
	employees_id BIGINT UNSIGNED NOT NULL,
	departments_id BIGINT UNSIGNED NOT NULL,
  
	PRIMARY KEY (employees_id, departments_id),
    FOREIGN KEY (employees_id) REFERENCES employees(id),
    FOREIGN KEY (departments_id) REFERENCES departments(id)
);

INSERT INTO employees_departments (employees_id, departments_id) VALUES 
('1', '1'),
('2', '1'),
('3', '3'),
('4', '4'),
('5', '5'),
('6', '6'),
('7', '7'),
('8', '8'),
('9', '9'),
('10', '10'),
('11', '12'),
('12', '13'),
('13', '14'),
('14', '15'),
('15', '15'),
('16', '13'),
('17', '2'),
('18', '3'),
('19', '4'),
('20', '5'),
('21', '6'),
('22', '7'),
('23', '8'),
('24', '5'),
('25', '10'),
('26', '12'),
('27', '13'),
('28', '14'),
('29', '15'),
('30', '3'),
('31', '1'),
('32', '2'),
('33', '4'),
('34', '4'),
('35', '5'),
('36', '6'),
('37', '9'),
('38', '8'),
('39', '9'),
('40', '10'),
('41', '4'),
('42', '13'),
('43', '14'),
('44', '5'),
('45', '5'),
('46', '1'),
('47', '2'),
('48', '3'),
('49', '4'),
('50', '5'),
('51', '6'),
('52', '7'),
('53', '8'),
('54', '9'),
('55', '10'),
('56', '11'),
('57', '13'),
('58', '14'),
('59', '15'),
('60', '9'),
('61', '1'),
('62', '2'),
('63', '1'),
('64', '4'),
('65', '5'),
('66', '6'),
('67', '7'),
('68', '8'),
('69', '9'),
('70', '7'),
('71', '12'),
('72', '13'),
('73', '14'),
('74', '15'),
('75', '7'),
('76', '1'),
('77', '2'),
('78', '3'),
('79', '9'),
('80', '5'),
('81', '6'),
('82', '7'),
('83', '8'),
('84', '9'),
('85', '10'),
('86', '2'),
('87', '13'),
('88', '14'),
('89', '15'),
('90', '5'),
('91', '1'),
('92', '2'),
('93', '13'),
('94', '4'),
('95', '5'),
('96', '6'),
('97', '7'),
('98', '14'),
('99', '9'),
('100', '1');

DROP TABLE IF EXISTS engineering_documentation_types; -- типы конструкторской документации
CREATE TABLE engineering_documentation_types(
	id SERIAL,
    name VARCHAR(255), 
    created_at DATETIME DEFAULT NOW(),
    updated_at DATETIME ON UPDATE CURRENT_TIMESTAMP
);

INSERT INTO engineering_documentation_types (name, created_at, updated_at) VALUES
('Technical report', NOW(), NOW()), 
('Explanatory note', NOW(), NOW()), 
('Specifications', NOW(), NOW()), 
('Electronic part model', NOW(), NOW()), 
('Part drawing', NOW(), NOW());

DROP TABLE IF EXISTS engineering_documentation; -- БД конструкторской документации
CREATE TABLE engineering_documentation(
	id SERIAL,
    engineering_documentation_type_id BIGINT UNSIGNED NOT NULL,
    employee_id BIGINT UNSIGNED NOT NULL,
  	body TEXT,
    filename VARCHAR(255),    	
    `size` INT,
    created_at DATETIME DEFAULT NOW(),
    updated_at DATETIME ON UPDATE CURRENT_TIMESTAMP,

    FOREIGN KEY (employee_id) REFERENCES employees(id),
    FOREIGN KEY (engineering_documentation_type_id) REFERENCES engineering_documentation_types(id)
);

INSERT INTO engineering_documentation (id, engineering_documentation_type_id, employee_id, body, filename, `size`, created_at, updated_at) VALUES 
('1', '1', '1', 'Et sit labore quo optio adipisci sit. Nihil officiis ipsum in qui dolores et maxime. Aut culpa excepturi impedit illo quia.', 'ea', 9705453, '1991-05-10 17:17:59', '1990-07-09 20:23:16'),
('2', '2', '2', 'Et nemo enim illum accusantium ad. Incidunt enim minima dolores aut modi fugiat dolorem. Quo nobis laudantium quibusdam fugit itaque libero. Cumque laborum in omnis aliquam qui ratione.', 'ullam', 4, '2018-06-08 23:25:59', '1970-12-30 09:29:13'),
('3', '3', '3', 'Earum in laudantium perspiciatis ut. Cupiditate rerum et quo quam. Id accusamus quisquam aliquid voluptatem. Debitis voluptatem repellat repellendus rerum ad laudantium eos.', 'eaque', 0, '2013-09-30 04:43:25', '1992-04-30 16:53:48'),
('4', '4', '4', 'Harum ad earum harum quos itaque reiciendis. Quibusdam et temporibus quo perspiciatis tempore et. Deleniti consequatur et dolores facere maxime autem placeat. Non non asperiores ratione id consequuntur modi dolorum.', 'commodi', 499768, '2000-05-06 13:54:02', '2016-05-23 01:50:43'),
('5', '5', '5', 'Inventore in et odit voluptas. Sit tempore animi culpa corrupti id natus cum. Error voluptate et expedita quod.', 'quam', 2566368, '1976-06-03 00:24:04', '2002-12-18 04:06:28'),
('6', '1', '6', 'Sint velit temporibus magnam ex in. Vero cumque et vel. Repellat sequi qui et iste libero quos. Molestiae quisquam atque quis repellendus repellendus.', 'quas', 551745628, '2001-10-15 01:55:16', '2020-04-25 13:40:58'),
('7', '2', '7', 'A vel quia eum veniam harum. Quidem vitae voluptatem dolor tempore libero. Praesentium dolores eos repudiandae veritatis. Exercitationem repellendus expedita consequatur eum sapiente aliquid quisquam.', 'doloremque', 27434, '1996-11-22 22:11:06', '2019-09-06 02:21:30'),
('8', '3', '8', 'Cumque temporibus sint dignissimos expedita mollitia et. Voluptatem id et delectus aut et. Necessitatibus delectus voluptas veniam eveniet.', 'iusto', 0, '2016-07-03 00:34:05', '2006-02-13 23:08:48'),
('9', '4', '9', 'Consequatur maxime accusantium ipsam est enim hic. Iste iusto velit explicabo iusto at cupiditate sapiente. Possimus voluptatem amet voluptate repudiandae eveniet quasi.', 'voluptas', 860383546, '1983-07-09 05:43:50', '2008-12-12 13:40:36'),
('10', '5', '10', 'Qui omnis accusantium tempore at. Mollitia iste consequatur ab impedit. Sunt numquam omnis nesciunt quis.', 'consequatur', 0, '1991-09-22 16:25:56', '2014-02-05 20:29:41'),
('11', '1', '11', 'Itaque unde dolor consequuntur hic qui occaecati. Amet qui sint id accusamus. Distinctio voluptatum repudiandae et. Commodi a vel est nisi facere consequuntur et.', 'asperiores', 3991, '2011-09-16 15:37:35', '2013-06-04 05:13:23'),
('12', '2', '12', 'Nostrum sapiente totam eligendi in. Aut doloremque in praesentium quaerat. Quia animi quia odit dolorem ab a.', 'impedit', 5931924, '1998-09-12 09:18:36', '1970-04-05 07:35:28'),
('13', '3', '13', 'Doloribus expedita sint velit ea impedit quia. Aut ex dolorum sint voluptas itaque dignissimos et. Nam cumque aut odio in. Corrupti cupiditate recusandae quidem et aut.', 'nam', 881, '1973-06-20 07:59:42', '2018-12-17 16:12:37'),
('14', '4', '14', 'Omnis nam quisquam doloribus voluptas. At quia consectetur at praesentium commodi dolorem. Incidunt voluptatum accusantium libero est consequatur repellat. Qui reprehenderit enim excepturi vero facere occaecati voluptatem quia. In architecto molestiae eaque rerum numquam.', 'ducimus', 15, '2015-01-27 20:45:31', '1978-03-28 10:44:14'),
('15', '5', '15', 'Quo numquam consequatur quia recusandae voluptatem molestiae quam aut. Nobis repudiandae soluta blanditiis in. Autem necessitatibus enim exercitationem tempore autem quia ullam. In perferendis et facilis quis dolorem molestiae.', 'vel', 625621, '1991-02-17 06:44:44', '1999-09-11 10:03:54'),
('16', '1', '16', 'Quis vitae natus voluptas vel necessitatibus voluptas. Dolore voluptatem fuga vel quod. Iste magnam numquam voluptas est placeat. Ea sint velit sunt aliquid quidem dolorum.', 'ducimus', 0, '1986-12-06 17:15:15', '1971-03-13 10:35:25'),
('17', '2', '17', 'Voluptatem quisquam voluptatem excepturi et ut. Dicta atque totam magnam voluptatibus dolores alias nihil. Quam aut odit culpa modi explicabo blanditiis similique.', 'minima', 11, '1981-07-21 00:37:55', '2001-11-08 00:17:19'),
('18', '3', '18', 'Autem possimus exercitationem et aperiam eaque. Natus perferendis odio ea fuga. Delectus rerum culpa vitae laboriosam et hic optio. Qui nobis voluptatem id voluptatem et.', 'quisquam', 8451451, '2002-06-07 15:04:20', '2016-09-01 06:25:50'),
('19', '4', '19', 'Consequatur perferendis cumque eligendi qui dolores ut laboriosam saepe. Possimus velit a eum quia impedit. Qui quo labore nostrum quas placeat quia consequatur delectus. Eum perferendis vel in dolores distinctio qui totam.', 'impedit', 1773, '1998-06-04 18:35:29', '1999-03-04 09:02:28'),
('20', '5', '20', 'Modi modi exercitationem sit enim qui corrupti. Commodi perspiciatis odio in unde quia accusantium explicabo blanditiis. Alias fuga beatae reiciendis voluptates quis iure quisquam. Et et ullam libero sunt est ipsam itaque.', 'id', 6441, '2018-03-30 18:05:53', '1987-10-05 13:04:03'),
('21', '1', '21', 'Est natus perferendis minima. Magni vitae ea ex sit. Non quis voluptas optio qui totam fugit harum.', 'nisi', 59361501, '2009-12-31 21:35:34', '1978-05-06 08:06:26'),
('22', '2', '22', 'Laboriosam est illum et odit et et iste. Voluptas laudantium quos voluptatum. Alias consequatur occaecati sunt blanditiis voluptatem optio minima.', 'dolores', 6065307, '1978-01-18 11:26:04', '2004-11-17 03:03:49'),
('23', '3', '23', 'Asperiores magni nemo exercitationem beatae ducimus quidem sequi. Distinctio et doloremque sed at quaerat voluptatem nisi. Iste ullam autem odit est. Nisi sit assumenda quas aut repellendus accusantium perspiciatis.', 'distinctio', 9, '1982-12-11 06:53:12', '1991-04-07 04:27:16'),
('24', '4', '24', 'Necessitatibus animi voluptas harum rem. Culpa id pariatur expedita. Autem est et non.', 'labore', 28700365, '1981-04-21 18:08:06', '2016-02-24 05:06:03'),
('25', '5', '25', 'Quis eos eos suscipit cupiditate excepturi in eos. Est dolorum minima ab neque. Sunt ea ad est et id voluptatibus.', 'assumenda', 0, '1994-04-12 00:13:53', '2000-10-07 14:01:31'),
('26', '1', '26', 'Ut adipisci est consectetur culpa facilis deleniti. Quis qui enim id et praesentium magni aut ea.', 'dolorem', 85764, '1974-01-05 18:23:15', '1979-12-30 19:29:09'),
('27', '2', '27', 'Sunt sed nesciunt exercitationem nisi. Voluptatem ut atque quo dolor modi. Quasi laboriosam voluptatem velit tempora quod corporis culpa voluptas. Voluptatem voluptas non aut nihil.', 'cupiditate', 39504798, '2016-04-23 22:47:10', '2009-01-30 21:32:02'),
('28', '3', '28', 'Praesentium vel id ullam magnam eum iste. Distinctio aut cupiditate eaque aliquid nemo. Necessitatibus est inventore ipsam est corrupti dicta nulla. Nisi occaecati suscipit minus aut.', 'officiis', 4, '1996-03-22 20:14:33', '2005-03-01 08:57:16'),
('29', '4', '29', 'Dolores qui neque quo hic sed est. Numquam natus odit non minima.', 'voluptas', 135799942, '1992-05-14 22:31:11', '2020-05-26 05:43:19'),
('30', '5', '30', 'Voluptatem quia sit et pariatur. Provident aut rerum eum aut ratione est. Molestiae unde nihil temporibus quia maiores sint.', 'eligendi', 2, '1987-07-18 07:48:36', '2007-05-28 05:05:51'),
('31', '1', '31', 'Placeat tempore accusamus nam quia. Aspernatur iusto neque quas voluptatibus praesentium. Laudantium distinctio numquam ullam sunt aut dolore maxime.', 'velit', 58268423, '2010-08-01 18:02:54', '1972-10-24 04:02:32'),
('32', '2', '32', 'Voluptas et aliquid excepturi est distinctio non enim. Quod sit incidunt eum inventore dolores rerum quia amet. Et similique nisi voluptatem itaque reiciendis quo praesentium.', 'reprehenderit', 8, '1981-12-27 15:25:07', '2012-01-13 20:52:13'),
('33', '3', '33', 'Necessitatibus quos quo asperiores labore. Minima assumenda et consequatur impedit beatae. Voluptas ea ut quibusdam molestiae et dolor. Amet quia maiores doloribus dicta autem eaque.', 'tenetur', 354672642, '2014-04-08 11:30:18', '2017-07-07 09:44:38'),
('34', '4', '34', 'Quis autem error et molestiae ut magni laboriosam. Recusandae ab nihil odit voluptatem enim rerum voluptates error. Harum necessitatibus autem numquam magnam est at commodi.', 'qui', 578865607, '2007-10-23 03:35:46', '2008-10-12 07:41:36'),
('35', '5', '35', 'Fugit nostrum temporibus aliquid. Velit tenetur facilis praesentium totam. Consequatur et dolorem eligendi saepe. Placeat maxime iure reiciendis sed expedita consequatur ex sunt.', 'sed', 5, '1971-09-05 03:03:37', '2014-04-07 08:01:23'),
('36', '1', '36', 'Velit blanditiis labore architecto. Aperiam nemo aut ut voluptatibus itaque. Unde excepturi quis est id asperiores quia ipsam.', 'quidem', 67440, '1982-12-04 17:48:24', '1994-06-03 01:34:21'),
('37', '2', '37', 'Accusamus nam et repudiandae quo. Animi odio culpa quia ut eaque odit enim. Recusandae odit fugit nesciunt illum et eaque quasi. Quo rerum aliquam delectus.', 'aut', 867640068, '2002-04-02 01:01:18', '1991-03-22 02:04:54'),
('38', '3', '38', 'Odio ut in ad iste. Aut quas distinctio tempora harum fugit adipisci. Nisi sed velit laudantium omnis.', 'quae', 331977522, '1980-05-05 04:15:27', '2008-07-16 04:40:46'),
('39', '4', '39', 'Facilis molestiae et omnis est iste. Tempora dolores inventore voluptates et inventore. Qui mollitia voluptatum qui est dolore unde.', 'saepe', 90, '1982-09-08 02:57:20', '1972-01-02 03:57:38'),
('40', '5', '40', 'Exercitationem qui voluptatem eaque harum dicta sunt. Aut tempore natus delectus. Ipsum architecto ab voluptas repudiandae laborum sed.', 'iste', 80, '1970-06-15 17:21:37', '2004-09-05 04:20:42'),
('41', '1', '41', 'Quod ducimus expedita saepe voluptas sit. Et quaerat magni ut quaerat nihil ut. Sunt quis sit minus qui vitae nesciunt sunt. Deserunt qui et est alias culpa omnis quia.', 'dolor', 616, '1972-11-10 22:09:32', '2020-06-23 01:35:32'),
('42', '2', '42', 'Quam laborum non itaque vitae illum. Inventore ipsa ducimus soluta aliquam eligendi. Aut non rerum sed nemo architecto a eum possimus. Aliquam eaque officiis iste voluptatem blanditiis.', 'cumque', 6845072, '1987-01-28 22:35:05', '1978-06-11 19:13:02'),
('43', '3', '43', 'Aliquam tenetur ullam assumenda quis qui. Ut dignissimos iste enim sit expedita. Ut praesentium voluptatibus est doloribus porro.', 'velit', 217, '2003-04-06 04:35:47', '2008-10-30 15:22:26'),
('44', '4', '44', 'Quam esse officiis consequuntur et rem quaerat ut dolorem. Facere voluptas consequuntur voluptate pariatur occaecati eaque. Sit vel sunt atque veniam.', 'at', 0, '2003-04-04 17:09:30', '2011-12-31 21:16:53'),
('45', '5', '45', 'Saepe voluptatibus ipsa amet molestiae et deserunt qui. Officiis recusandae in consequatur nesciunt animi neque delectus illo. Consequatur nulla et at et blanditiis. Ipsam aliquid dolor inventore amet minus necessitatibus suscipit voluptas.', 'rem', 73925677, '1990-07-13 17:50:01', '1992-07-14 22:55:30'),
('46', '1', '46', 'Ut delectus eos illo inventore quia. Sunt deserunt earum ullam sunt. Quaerat suscipit quo tenetur commodi blanditiis facere exercitationem. Animi aut deleniti amet numquam est qui voluptas omnis.', 'culpa', 0, '1980-07-01 12:32:24', '2002-05-16 14:48:30'),
('47', '2', '47', 'Vitae et voluptatem alias eius. Est omnis ut blanditiis ut. Provident rerum laborum deserunt sunt molestias corporis. Est vel doloremque unde distinctio provident. Amet molestiae aperiam nihil.', 'atque', 10541, '1973-06-17 23:37:04', '2009-01-13 07:43:39'),
('48', '3', '48', 'Dolorum dolor consequatur excepturi a veritatis. Id ut aliquam esse omnis. Odit voluptatem est accusamus quibusdam.', 'quia', 5, '1988-07-13 11:10:46', '2012-11-15 15:40:13'),
('49', '4', '49', 'Distinctio id iure repudiandae ea iste facilis maiores. Quia autem corrupti nihil ratione. Corporis dolore aut iure dolorem perspiciatis eos sint.', 'sequi', 704114, '2018-11-18 16:11:45', '1982-11-24 13:28:27'),
('50', '5', '50', 'Accusantium nihil qui sit consequatur. Sit doloribus aut eaque sed impedit et. Debitis laudantium quod eos qui. Atque vero quasi consequuntur consequatur dicta commodi autem.', 'quis', 0, '2019-04-18 11:53:53', '2005-04-01 11:42:11'),
('51', '1', '51', 'Architecto hic dolores quis ratione. Amet occaecati et commodi neque. Quos voluptatibus perspiciatis voluptatum necessitatibus cum delectus velit.', 'quaerat', 311181, '2008-01-26 11:51:12', '1989-05-02 00:47:38'),
('52', '2', '52', 'Sint assumenda autem recusandae voluptate iste qui. Recusandae facere eos qui sunt qui. Consequuntur est ad expedita velit rem quia.', 'sequi', 46240022, '1985-03-23 22:17:09', '1980-03-20 23:15:17'),
('53', '3', '53', 'Quos fugit ut sed commodi beatae eveniet et. Occaecati optio laudantium et vel sint molestiae. Omnis minus rerum excepturi et est facere.', 'aut', 80470, '2004-01-03 03:35:30', '2014-09-14 11:38:58'),
('54', '4', '54', 'Eos facilis accusamus eos alias molestiae. Temporibus ratione eveniet voluptatum ut praesentium autem veritatis. Quia neque libero ullam sunt. Suscipit quasi soluta ea laboriosam.', 'aut', 746787, '2004-11-30 01:36:15', '1985-11-28 15:30:33'),
('55', '5', '55', 'Nesciunt fugiat dolor debitis quas. Non hic voluptates harum ipsa. Voluptatum non dolores dolor illum. Velit omnis ut ab magnam enim quod aspernatur. Minima et ut consequatur odit unde quis occaecati.', 'voluptate', 0, '1996-07-05 04:15:30', '1985-01-04 01:58:19'),
('56', '1', '56', 'Corrupti dolorum deleniti eius repudiandae. Saepe dolorem eveniet consequatur velit consequatur. Magnam dolor eveniet fugit saepe. Nostrum et expedita ex qui aspernatur quis rem.', 'tenetur', 99, '1977-12-09 11:39:29', '1985-02-21 09:32:25'),
('57', '2', '57', 'Facilis assumenda quasi nesciunt aliquam. Modi eos aut expedita molestiae maxime occaecati. Qui dolores hic officiis est.', 'excepturi', 56, '1986-10-01 00:43:27', '1974-10-06 06:07:01'),
('58', '3', '58', 'Amet et accusamus necessitatibus deserunt est in. Nostrum cum dolorem recusandae. Rerum voluptatem illum praesentium. Repudiandae autem vitae accusamus et sunt. Possimus maiores impedit quia laudantium ipsum cupiditate est.', 'facilis', 248, '2001-10-06 01:42:17', '2015-06-14 01:29:10'),
('59', '4', '59', 'Corporis aliquam id libero consequuntur ut sit est. Facere non fugit alias consequatur cupiditate. Nulla aliquid cupiditate explicabo doloribus explicabo blanditiis.', 'placeat', 360, '1995-11-22 19:07:03', '2014-12-05 12:22:53'),
('60', '5', '60', 'Tenetur similique iste consequuntur modi architecto eum. Voluptas corporis hic aut quia. Natus sapiente voluptatem atque qui eaque necessitatibus. Omnis veritatis quia vel et iste nihil voluptatem.', 'sunt', 491295913, '2021-05-29 01:56:22', '2011-06-17 06:58:13'),
('61', '1', '61', 'Et maiores est repudiandae quod ad. Ipsam odit consequatur animi quibusdam sapiente ut inventore. Illo nesciunt minus suscipit non. Voluptatem non harum ex magnam ipsa.', 'et', 0, '2002-03-26 14:41:25', '1987-12-13 21:38:15'),
('62', '2', '62', 'Dolorem iste sed molestias. Dignissimos quibusdam unde dolores atque fugit voluptatem veritatis. Dicta et in voluptas ea enim dolor. Sunt a qui aspernatur molestiae voluptatem sequi voluptas.', 'nulla', 721, '1974-12-02 13:38:19', '1982-10-13 08:51:33'),
('63', '3', '63', 'Ut maiores ut ut est voluptates. Non ipsa dolor quod et in hic voluptas sint. Quae quis ea temporibus et. Autem quaerat atque adipisci at rem dolorum. Et provident magni aut debitis sunt doloribus.', 'ipsam', 176, '1977-12-06 16:34:29', '2012-05-08 23:41:14'),
('64', '4', '64', 'Deserunt corporis maiores itaque et. Error minima tenetur dolore at consequatur eum. Voluptatem repellendus velit autem qui.', 'ut', 0, '1978-09-16 17:55:47', '1985-08-04 05:33:38'),
('65', '5', '65', 'Expedita sed numquam aut fugiat. Voluptas similique magnam non. Eos nihil iste numquam qui vel laborum sapiente. Dignissimos sint tenetur quae possimus consectetur.', 'sunt', 754, '2008-06-30 15:15:29', '2015-06-20 00:38:33'),
('66', '1', '66', 'Nemo consequatur excepturi quo et. Autem quam voluptates ullam accusantium ab autem id. Consequatur eum omnis minima laborum tempore eius commodi.', 'aut', 329453, '2001-12-09 12:02:00', '1986-06-03 14:24:33'),
('67', '2', '67', 'Quia nulla veritatis delectus. Enim officiis molestias deleniti eos. In ipsa quam est autem similique et sit. Voluptatibus facilis ab adipisci vero.', 'ad', 9, '1991-07-21 10:50:21', '2017-07-08 07:07:06'),
('68', '3', '68', 'Enim quas eos quis ex quae ut. Minima sapiente et nisi qui facere rerum. Praesentium ipsa et id doloribus sunt alias. Unde voluptas quas sed dicta sit.', 'sed', 0, '2015-04-21 20:56:24', '2018-09-16 04:18:26'),
('69', '4', '69', 'Similique aliquam placeat voluptas ut. Eos praesentium animi vel nam officia soluta corrupti voluptatem. Accusantium culpa voluptatem dolorum optio dicta libero eligendi. Quia ratione et voluptatem illo eos quis deleniti.', 'nihil', 586729, '1992-07-22 01:42:54', '2019-08-02 21:03:52'),
('70', '5', '70', 'Iste rerum quisquam molestiae ullam doloremque et enim laborum. Veritatis qui maxime sint assumenda qui totam. Culpa temporibus modi facere non error est molestias qui. Cum sunt corrupti iusto ut.', 'expedita', 181, '1991-06-07 15:39:43', '2009-12-07 16:57:02'),
('71', '1', '71', 'Deleniti ipsum aspernatur totam corporis. Quisquam quo explicabo sit ut. Facilis tempora dolore qui id porro sunt repudiandae.', 'non', 18424895, '1980-07-03 05:51:15', '2007-02-18 13:03:19'),
('72', '2', '72', 'Omnis voluptatum esse laboriosam consequatur. Eligendi omnis repudiandae porro est eaque architecto. Eos nihil veniam omnis.', 'consectetur', 8960, '2020-08-02 07:13:49', '1977-04-10 17:32:30'),
('73', '3', '73', 'Pariatur praesentium sit tempore. Id quis est optio totam qui. Illo voluptatibus aspernatur itaque modi eaque qui. Aspernatur reprehenderit doloremque vel. Pariatur sed est voluptatem deserunt sint laboriosam quod animi.', 'magni', 48, '2003-10-11 14:10:29', '1987-01-29 21:50:48'),
('74', '4', '74', 'Veniam doloribus eos sapiente sit quia. Reiciendis quia ducimus amet eligendi cumque. A facere incidunt expedita porro maxime et qui. Totam dolores velit nihil et ea dolorum ipsum et.', 'quia', 4, '2016-03-12 16:50:50', '2001-02-12 10:56:37'),
('75', '5', '75', 'Et omnis omnis fuga minus laborum. Et quis nostrum rerum. Saepe maxime voluptas aperiam ullam facilis in iusto.', 'ut', 0, '1995-09-14 19:32:41', '1976-04-27 14:40:58'),
('76', '1', '76', 'Quas saepe voluptatum quas consectetur. Praesentium delectus sed quas necessitatibus. Magnam in vitae error. Incidunt at expedita ut doloremque iste necessitatibus.', 'alias', 858031, '1977-01-07 04:34:06', '2011-06-15 17:35:49'),
('77', '2', '77', 'Accusamus nostrum quibusdam doloremque similique non enim est. Harum qui natus non minus.', 'voluptates', 6, '1990-07-12 13:09:16', '2017-04-24 07:33:03'),
('78', '3', '78', 'Id cumque in culpa sint tenetur officia sit aut. Placeat asperiores odit earum voluptatem iste aliquid. Possimus et sunt voluptas consequatur omnis temporibus error iste.', 'qui', 289574, '2014-07-01 01:51:48', '1982-02-10 13:10:47'),
('79', '4', '79', 'Aperiam asperiores magnam animi velit exercitationem. Consequatur odio quis aut laudantium. Omnis numquam dolor molestias est.', 'maiores', 3773, '2007-11-24 17:37:51', '1980-09-24 02:42:27'),
('80', '5', '80', 'Quis odio quia ea provident voluptas. Est molestiae dolore facilis ea impedit reiciendis. Molestiae consectetur porro qui.', 'dolor', 977635278, '1973-08-04 19:34:06', '1975-09-05 07:30:45'),
('81', '1', '81', 'Odit libero placeat consequatur rerum sit adipisci error voluptatem. Enim laborum nisi tempore et. Et et aperiam in corrupti et. Dolore rerum earum et accusamus.', 'quas', 4, '1993-08-09 02:57:59', '1985-09-26 09:35:24'),
('82', '2', '82', 'Harum nostrum nobis atque est exercitationem enim eos. Id quisquam non est.', 'enim', 32074248, '2020-11-01 02:26:07', '1974-08-11 14:45:44'),
('83', '3', '83', 'Iste earum ut quia alias. Eos quaerat saepe incidunt dolorem consequuntur dicta. Impedit et reprehenderit placeat id. Alias sed voluptatum praesentium sit eum. Eum libero maxime quo pariatur officiis ipsa quidem.', 'quo', 58703682, '1988-05-25 02:16:23', '1973-10-06 14:22:25'),
('84', '4', '84', 'Exercitationem atque dolorem enim quod enim recusandae voluptatem. Aut consequatur ut beatae ipsum aut et quia laborum. Enim qui velit neque in pariatur ipsam vel. Accusantium temporibus itaque et nisi unde quod.', 'consequatur', 4825835, '2010-10-31 23:39:04', '2011-01-06 01:20:25'),
('85', '5', '85', 'Possimus accusantium eius blanditiis aspernatur. Deleniti est consequatur vero laborum.', 'deserunt', 239345, '2004-07-08 08:49:32', '1992-11-27 14:21:37'),
('86', '1', '86', 'Harum velit quisquam voluptas. In nulla quasi eius repudiandae. Est omnis incidunt corrupti in est.', 'voluptas', 0, '2020-04-12 19:28:44', '2006-05-06 02:40:03'),
('87', '2', '87', 'Consectetur est dolor quia labore excepturi. Quia ut ratione ad esse dolores laboriosam. Blanditiis ratione quas tenetur facere blanditiis a deleniti.', 'laudantium', 64373491, '2010-07-29 14:29:04', '1972-12-01 21:55:16'),
('88', '3', '88', 'Tenetur recusandae unde deleniti nihil fugiat. Temporibus et velit sunt dolore vel placeat enim. Modi illum et et modi ipsam molestiae architecto ut. Earum ad voluptatem neque id.', 'aliquam', 0, '1986-10-05 10:09:55', '1985-07-02 21:54:12'),
('89', '4', '89', 'Sed qui voluptas magni cum sed cum. Facilis quam repudiandae consequatur voluptatum. Sint voluptates vel voluptate et quas voluptatem.', 'quaerat', 0, '1986-04-19 06:29:59', '1995-06-01 02:44:15'),
('90', '5', '90', 'Facilis ut quo ut magnam perferendis quidem pariatur. Libero soluta dignissimos quia sed incidunt in ea. Nisi repudiandae ullam voluptatibus deserunt.', 'autem', 783840319, '1972-12-30 16:35:26', '1970-12-17 19:07:09'),
('91', '1', '91', 'Magnam nisi consequuntur officiis. Pariatur accusantium eveniet dolore iure sed facilis. Neque aliquam consequatur aut ipsa quia enim. Reprehenderit inventore doloremque vel voluptate aspernatur quis laborum error.', 'sed', 41926, '1994-08-07 23:48:04', '1970-06-28 08:53:40'),
('92', '2', '92', 'Ut consectetur beatae voluptates vel fugiat labore voluptatibus consequatur. Totam suscipit ut perferendis quidem ratione id commodi. Itaque vel est ut minus.', 'est', 326337585, '1978-11-30 06:48:23', '1974-06-01 15:09:29'),
('93', '3', '93', 'Repellat et at nulla qui sint illum. Natus quo qui enim aliquam eveniet facilis deserunt facilis. Non voluptatibus qui quae unde. Ut doloribus molestias et laboriosam.', 'qui', 0, '1971-07-23 00:11:38', '1982-12-02 17:26:34'),
('94', '4', '94', 'Consequatur vel dignissimos architecto provident. Voluptatem distinctio dignissimos ut occaecati cumque vero in. Dicta veniam labore voluptatum eius assumenda.', 'aperiam', 5121, '1974-12-31 20:43:17', '2001-05-11 05:10:31'),
('95', '5', '95', 'Facere vel reiciendis quos et et est. Eius officia excepturi magni recusandae iure.', 'odit', 63145, '1999-06-12 00:25:32', '2015-12-01 05:37:32'),
('96', '1', '96', 'Porro sed cum ipsa atque quia suscipit aut. Ex eligendi neque recusandae voluptas omnis ratione ut. Facere alias vero excepturi tempora reiciendis optio. Accusantium officiis incidunt quam molestiae asperiores.', 'atque', 480664, '2004-11-06 20:30:16', '1997-09-25 20:25:05'),
('97', '2', '97', 'Ut molestiae ut vitae ut molestiae. Est ea illum fuga harum non consequatur. Cupiditate eligendi odit ut nisi et dolor ut.', 'nihil', 566466679, '1986-10-02 08:18:03', '1982-03-12 21:12:48'),
('98', '3', '98', 'Doloremque qui necessitatibus consectetur enim vero inventore. Odit maxime ipsa culpa non sed qui voluptas.', 'eos', 6029, '2010-03-10 10:25:20', '2018-07-25 02:12:56'),
('99', '4', '99', 'Quas voluptatibus beatae consectetur mollitia veniam quo aut. Quisquam neque ab rerum.', 'doloribus', 53014, '2000-12-21 20:48:21', '2014-08-07 14:20:01'),
('100', '5', '100', 'Corrupti vel sit corrupti illo dolor dolorem commodi. Tempore architecto officia voluptatem voluptas deserunt veritatis. Libero nihil perferendis totam earum culpa voluptate. Voluptas molestiae delectus perferendis et repellat id ut.', 'dolor', 0, '2017-05-14 19:56:11', '2003-11-26 02:40:53');

DROP TABLE IF EXISTS engines_type; -- типы выпускащих двигателей на предприятии
CREATE TABLE engines_type (
  id SERIAL,
  name VARCHAR(255)
);

INSERT INTO engines_type (name) VALUES
('Gas turbine engines'),
('Liquid propellant rocket engines');

DROP TABLE IF EXISTS engines; -- выпускающие двигетели
CREATE TABLE engines (
  id SERIAL,
  engines_type_id BIGINT UNSIGNED NOT NULL,
  department_id BIGINT UNSIGNED NOT NULL,
  name VARCHAR(255),
  desription TEXT,
  catalog_id INT UNSIGNED,
  created_at DATETIME DEFAULT CURRENT_TIMESTAMP,
  updated_at DATETIME DEFAULT CURRENT_TIMESTAMP ON UPDATE CURRENT_TIMESTAMP,
  
  FOREIGN KEY (engines_type_id) REFERENCES engines_type(id),
  FOREIGN KEY (department_id) REFERENCES departments(id)
);

INSERT INTO engines (id, engines_type_id, department_id, name, desription, catalog_id, created_at, updated_at) VALUES 
('1', '1', '1', 'Pratt & Whitney Canada PT6 Engine', 'culpa', 4, '1999-09-09 02:27:37', '1996-04-28 07:16:35'),
('2', '2', '2', 'Rolls-Royce Merlin Engine', 'adipisci', 144160, '1978-09-05 02:41:29', '1999-02-04 05:52:38'),
('3', '1', '3', 'CFM56 Engine', 'et', 0, '1983-04-28 01:05:53', '2002-03-16 23:33:36'),
('4', '2', '4', 'Wright Brothers Taylor Engine', 'dolore', 0, '2004-05-06 04:54:20', '1989-02-05 06:00:39'),
('5', '1', '5', 'Lycoming O-320 Engine', 'id', 3, '1972-10-11 16:00:20', '1995-02-08 09:51:42'),
('6', '2', '6', 'Rolls-Royce/Snecma Olympus 593 Engine', 'soluta', 6550, '1982-01-28 16:27:47', '1994-11-18 13:19:24'),
('7', '1', '7', 'Allison V-1710 Engine', 'sed', 8698680, '2002-03-26 21:06:20', '1986-11-21 15:07:37'),
('8', '2', '8', 'Continental A40 Engine', 'dolorem', 28, '1990-02-14 15:20:48', '1994-01-14 08:47:32'),
('9', '1', '9', 'Astro-40 Motor', 'eaque', 407, '1982-03-23 10:25:27', '1977-12-01 18:28:14'),
('10', '2', '10', 'Pratt & Whitney R-2800 Engine', 'quia', 46442, '1970-01-30 12:28:26', '1990-08-26 07:56:46'),
('11', '1', '12', 'Wright R-1820 Engine', 'ratione', 272733, '1974-01-07 09:56:23', '2011-02-22 22:10:08'),
('12', '2', '13', 'Whittle Engine', 'reprehenderit', 91, '2013-09-02 15:28:52', '1975-09-11 19:02:06'),
('13', '1', '14', 'Williams FJ44 Engine', 'ut', 28385, '1980-08-07 22:52:23', '1979-07-22 21:49:04'),
('14', '2', '15', 'Space Shuttle Reusable Solid Rocket Motor', 'tenetur', 418603, '1999-09-14 04:03:09', '2016-10-22 04:19:14'),
('15', '1', '7', 'Jacobs L-4 "Shaky Jake" Engine', 'et', 272690, '1974-12-21 17:55:49', '1982-12-28 23:22:38');


DROP TABLE IF EXISTS clients; -- список заказчиков 
CREATE TABLE clients (
  id SERIAL,
  name VARCHAR(255),
  created_at DATETIME DEFAULT CURRENT_TIMESTAMP,
  updated_at DATETIME DEFAULT CURRENT_TIMESTAMP ON UPDATE CURRENT_TIMESTAMP
);

INSERT INTO clients (id, name, created_at, updated_at) VALUES 
('1', 'earum', '1998-03-16 05:44:27', '2003-01-15 09:16:38'),
('2', 'voluptas', '1979-08-13 13:45:31', '1983-04-26 07:31:45'),
('3', 'enim', '1971-11-22 23:32:44', '2012-06-03 00:37:20'),
('4', 'quia', '2003-01-26 14:03:10', '2007-10-07 01:37:19'),
('5', 'tenetur', '1975-04-11 15:47:02', '2015-08-12 19:44:43'),
('6', 'nulla', '1980-06-28 09:04:16', '1991-10-30 04:31:49'),
('7', 'aperiam', '1990-11-07 10:43:03', '2010-01-05 06:04:45'),
('8', 'vero', '1993-07-31 11:22:12', '2011-04-12 03:28:49'),
('9', 'unde', '1990-10-12 20:00:13', '1982-01-08 14:08:43'),
('10', 'deserunt', '2019-10-15 05:10:12', '1990-08-04 23:59:03'),
('11', 'ducimus', '1985-05-24 07:41:53', '2019-10-29 09:18:57'),
('12', 'atque', '1996-04-18 00:41:53', '1978-06-08 16:44:59'),
('13', 'aut', '1993-11-19 15:56:24', '1989-03-02 05:52:34'),
('14', 'suscipit', '1991-10-07 12:08:48', '1987-03-10 09:39:40'),
('15', 'quos', '1976-02-15 14:10:29', '1981-08-02 14:51:12'),
('16', 'corrupti', '1982-03-13 02:04:45', '2014-07-23 05:13:22'),
('17', 'assumenda', '2001-04-18 11:21:27', '2012-09-11 18:29:38'),
('18', 'et', '2015-11-26 09:52:30', '2021-02-16 23:06:06'),
('19', 'qui', '2010-02-04 16:42:58', '2010-10-20 10:49:30'),
('20', 'animi', '2016-09-25 08:42:51', '2004-12-13 14:06:01'),
('21', 'eos', '1994-03-17 09:12:04', '2008-05-13 09:47:30'),
('22', 'et', '2018-04-04 21:29:07', '2018-05-13 22:07:50'),
('23', 'facilis', '1988-04-14 01:16:12', '1994-09-24 23:32:23'),
('24', 'et', '1993-09-08 03:03:22', '2001-06-10 03:06:15'),
('25', 'molestias', '1982-08-21 16:45:48', '1975-10-19 16:13:39'),
('26', 'dolorem', '2019-12-07 09:55:05', '2005-06-11 10:13:00'),
('27', 'ipsam', '1993-10-04 08:11:39', '1973-03-18 03:27:32'),
('28', 'nihil', '1986-04-21 03:40:47', '1976-06-05 21:17:59'),
('29', 'dignissimos', '2005-07-16 22:06:57', '1981-07-01 03:53:05'),
('30', 'sunt', '1987-07-01 03:54:10', '2012-01-10 02:23:23'),
('31', 'totam', '1996-01-21 19:08:05', '1970-02-19 18:33:17'),
('32', 'autem', '1973-10-16 06:39:49', '1990-11-28 14:03:45'),
('33', 'doloribus', '2003-08-26 02:30:51', '1978-04-03 21:50:59'),
('34', 'enim', '2000-08-11 19:23:22', '2009-09-26 11:03:52'),
('35', 'quia', '2015-11-18 17:42:59', '2012-09-16 02:24:17'),
('36', 'velit', '2015-07-03 20:49:44', '2002-12-26 02:16:49'),
('37', 'quia', '1973-12-09 13:36:46', '2004-08-19 14:56:17'),
('38', 'aut', '1970-07-05 00:39:57', '1997-06-30 14:58:59'),
('39', 'illum', '1989-01-06 21:59:03', '1993-02-01 18:11:27'),
('40', 'qui', '1993-10-01 21:51:31', '1985-07-26 18:48:24'),
('41', 'vitae', '1984-12-08 23:09:40', '1993-08-26 23:35:33'),
('42', 'sit', '2003-03-30 05:59:29', '1973-09-10 12:42:13'),
('43', 'quia', '1973-03-12 08:32:27', '1985-03-23 22:25:42'),
('44', 'modi', '2001-04-13 04:59:31', '1974-02-24 09:20:15'),
('45', 'corrupti', '1984-01-28 17:28:24', '1997-03-15 07:49:17'),
('46', 'repellat', '2017-08-17 20:22:25', '2012-04-11 13:44:14'),
('47', 'excepturi', '2014-11-16 12:51:50', '2002-08-26 00:07:09'),
('48', 'enim', '1975-08-24 19:07:14', '2008-03-30 17:59:37'),
('49', 'quibusdam', '1975-03-03 00:05:28', '1988-09-07 15:28:19'),
('50', 'et', '1970-08-17 19:36:38', '2003-07-18 19:42:29'),
('51', 'aut', '1973-06-12 12:38:14', '2019-10-25 18:02:12'),
('52', 'est', '1985-03-02 15:52:30', '2016-08-24 10:39:51'),
('53', 'et', '1991-08-31 02:39:18', '1993-10-05 18:04:55'),
('54', 'et', '1982-06-01 08:53:39', '1976-06-24 07:02:03'),
('55', 'totam', '1973-11-23 18:30:47', '1992-04-09 02:10:02'),
('56', 'voluptas', '1982-06-20 14:02:59', '2002-11-15 01:58:05'),
('57', 'cumque', '1989-06-19 23:38:56', '2011-05-31 23:56:38'),
('58', 'ab', '2010-12-01 01:39:09', '1972-10-03 22:49:14'),
('59', 'molestiae', '1991-02-03 09:25:40', '2018-02-24 04:21:19'),
('60', 'laudantium', '1981-10-21 18:13:24', '1971-12-28 18:14:28'),
('61', 'iste', '2017-12-15 19:58:09', '1992-01-19 16:15:18'),
('62', 'cupiditate', '1986-04-10 12:00:36', '2019-03-05 23:34:21'),
('63', 'quia', '1986-06-18 04:30:07', '1985-03-12 14:00:08'),
('64', 'quos', '1983-12-12 19:00:30', '2009-08-24 19:31:20'),
('65', 'voluptas', '2007-06-05 16:23:30', '2017-10-02 04:29:18'),
('66', 'et', '2002-08-15 13:13:02', '2021-03-23 22:36:53'),
('67', 'ab', '2010-04-06 00:47:26', '1999-02-18 13:10:25'),
('68', 'quaerat', '1982-11-12 07:13:18', '2015-12-01 08:33:39'),
('69', 'cumque', '1986-12-22 06:41:49', '1970-06-17 11:05:19'),
('70', 'odio', '2002-12-17 04:02:21', '1984-08-01 07:22:34'),
('71', 'ipsam', '2019-04-21 10:23:00', '1971-04-23 04:14:54'),
('72', 'et', '1988-09-18 15:53:46', '1980-04-15 15:40:54'),
('73', 'ratione', '2017-03-12 21:11:08', '2008-09-11 10:40:42'),
('74', 'culpa', '2012-03-18 18:09:01', '1975-09-16 21:06:40'),
('75', 'magni', '2018-06-30 06:29:34', '1990-01-10 09:49:55'),
('76', 'eos', '1998-11-30 04:44:44', '1996-06-22 04:46:28'),
('77', 'rerum', '1981-01-06 19:42:09', '2018-09-08 19:18:05'),
('78', 'doloribus', '2008-05-31 21:55:21', '1976-06-29 08:21:56'),
('79', 'doloribus', '2019-08-22 16:19:49', '2017-04-27 01:56:06'),
('80', 'asperiores', '1978-10-31 23:32:24', '2008-10-11 21:38:35'),
('81', 'ratione', '2012-10-08 03:13:36', '2020-01-19 08:53:16'),
('82', 'voluptatem', '2008-10-25 22:04:35', '1973-02-19 17:10:23'),
('83', 'aut', '2003-03-10 04:08:14', '2018-03-28 01:12:30'),
('84', 'repudiandae', '2015-05-01 23:32:36', '1997-03-06 06:55:00'),
('85', 'nostrum', '1989-08-13 03:03:26', '2010-10-28 11:35:42'),
('86', 'fugit', '1970-01-04 06:00:12', '2018-02-28 01:58:32'),
('87', 'qui', '2005-06-06 20:10:44', '1984-07-04 19:13:43'),
('88', 'suscipit', '1997-01-14 23:18:57', '1970-03-11 15:57:22'),
('89', 'error', '1987-03-27 13:03:55', '2012-02-09 12:49:22'),
('90', 'asperiores', '2007-01-08 07:15:38', '1991-10-12 17:42:48'),
('91', 'aut', '1973-06-10 11:35:43', '1989-04-01 01:37:03'),
('92', 'dolor', '2005-02-28 14:26:50', '1979-03-06 04:11:13'),
('93', 'commodi', '1987-12-23 08:25:55', '1982-06-10 14:07:41'),
('94', 'aut', '2004-07-27 20:59:19', '2019-07-10 11:49:06'),
('95', 'voluptas', '2000-08-12 02:18:50', '1989-09-12 06:09:31'),
('96', 'tenetur', '2020-02-23 05:51:11', '2008-02-21 00:31:47'),
('97', 'facilis', '1970-10-04 20:11:18', '1975-12-16 07:52:56'),
('98', 'accusamus', '1972-06-08 05:37:56', '1985-09-28 07:46:04'),
('99', 'exercitationem', '1985-03-23 22:31:56', '2017-09-17 10:54:13'),
('100', 'tenetur', '1980-11-24 09:10:19', '1994-09-04 11:29:59');


DROP TABLE IF EXISTS suppliers; -- список поставщиков
CREATE TABLE suppliers (
  id SERIAL,
  name VARCHAR(255),
  created_at DATETIME DEFAULT CURRENT_TIMESTAMP,
  updated_at DATETIME DEFAULT CURRENT_TIMESTAMP ON UPDATE CURRENT_TIMESTAMP
);

INSERT INTO suppliers (id, name, created_at, updated_at) VALUES 
('1', 'possimus', '1987-05-12 18:34:51', '1970-02-16 21:16:41'),
('2', 'enim', '1999-11-20 02:20:24', '2012-08-30 18:51:01'),
('3', 'laudantium', '1977-02-04 07:52:22', '2003-02-01 11:40:53'),
('4', 'adipisci', '1977-07-22 06:20:32', '1990-10-31 11:29:14'),
('5', 'vel', '1986-04-30 09:56:23', '2016-12-01 13:04:28'),
('6', 'voluptatem', '1993-08-22 19:33:46', '1976-08-23 20:40:36'),
('7', 'distinctio', '2016-03-02 09:44:08', '1989-07-04 10:46:35'),
('8', 'ut', '2008-01-18 15:37:53', '1974-02-17 23:18:49'),
('9', 'omnis', '2010-01-25 20:07:21', '2011-01-26 05:20:08'),
('10', 'sunt', '1990-12-24 19:10:21', '2002-09-23 17:24:15'),
('11', 'nisi', '1989-03-03 08:33:35', '2015-10-13 00:53:26'),
('12', 'omnis', '1973-12-07 17:31:39', '1990-09-12 03:41:20'),
('13', 'eligendi', '2015-09-25 07:53:36', '1996-02-14 06:23:46'),
('14', 'accusantium', '1973-08-09 22:40:46', '1981-10-06 07:29:40'),
('15', 'cum', '1975-03-29 19:54:29', '2007-05-01 04:10:35'),
('16', 'molestias', '2017-01-10 00:07:58', '2000-07-17 04:03:23'),
('17', 'suscipit', '2017-07-29 19:28:22', '1983-11-07 12:24:14'),
('18', 'doloremque', '2012-07-31 08:19:38', '1985-01-17 14:50:18'),
('19', 'sapiente', '1975-04-18 03:42:15', '2007-07-02 10:33:06'),
('20', 'in', '1976-05-22 17:23:34', '2008-12-23 07:05:00'),
('21', 'accusamus', '2007-10-15 12:13:20', '2011-12-05 20:29:30'),
('22', 'quasi', '1989-03-26 15:51:42', '2001-08-30 00:40:05'),
('23', 'odit', '2004-12-22 17:09:35', '1993-10-08 12:35:22'),
('24', 'non', '2013-06-07 08:36:12', '1987-08-09 12:29:15'),
('25', 'doloribus', '2009-05-20 06:23:45', '2010-12-09 15:31:08'),
('26', 'est', '1998-09-30 19:14:39', '1992-06-24 09:57:34'),
('27', 'cumque', '2002-11-23 12:10:38', '2017-05-23 02:34:20'),
('28', 'numquam', '2020-10-24 12:58:37', '1992-02-28 02:01:25'),
('29', 'repellat', '2006-02-10 12:30:55', '2003-06-20 21:06:26'),
('30', 'molestias', '1984-10-09 07:55:31', '1973-06-30 21:52:25'),
('31', 'nemo', '2013-11-21 08:44:21', '2020-04-01 10:47:23'),
('32', 'aliquid', '1971-02-16 21:06:30', '2015-07-06 00:38:33'),
('33', 'fuga', '1999-04-07 20:44:22', '1993-09-07 13:18:08'),
('34', 'sapiente', '1996-02-26 16:52:35', '1996-10-07 23:27:34'),
('35', 'omnis', '2021-08-08 20:17:37', '1992-10-31 13:07:06'),
('36', 'aspernatur', '2003-12-23 03:47:02', '1998-07-13 00:57:50'),
('37', 'ab', '1998-12-11 04:59:07', '1978-09-01 12:26:17'),
('38', 'odit', '1995-06-13 18:59:45', '2020-01-02 16:18:15'),
('39', 'iusto', '1980-07-29 21:17:48', '2018-02-19 18:19:46'),
('40', 'alias', '1988-07-28 13:39:14', '1997-01-13 18:34:44'),
('41', 'consectetur', '2021-02-09 08:53:36', '1978-06-22 03:01:05'),
('42', 'enim', '2012-04-06 21:44:22', '2019-11-05 23:02:31'),
('43', 'asperiores', '1978-10-17 02:27:43', '1980-11-14 19:25:08'),
('44', 'distinctio', '2013-07-11 07:00:03', '2012-05-19 07:03:33'),
('45', 'fugiat', '1994-12-04 18:38:19', '2005-02-22 23:44:08'),
('46', 'ut', '1994-04-16 02:34:50', '1976-10-08 11:37:14'),
('47', 'sint', '2008-07-01 07:25:02', '1976-09-14 03:06:00'),
('48', 'accusamus', '2002-09-01 19:14:26', '2000-05-29 16:50:11'),
('49', 'ea', '1970-07-10 17:57:02', '1987-05-19 08:19:09'),
('50', 'aut', '2008-04-23 07:48:51', '1988-04-16 16:13:41'),
('51', 'similique', '2008-09-07 12:43:53', '2010-06-28 04:06:31'),
('52', 'doloribus', '1994-12-11 03:06:13', '1973-11-10 07:45:51'),
('53', 'velit', '1979-09-30 01:11:54', '1973-10-08 00:17:04'),
('54', 'dignissimos', '2012-12-12 20:02:14', '2011-12-10 13:54:51'),
('55', 'error', '2001-04-10 12:21:03', '1974-08-30 20:30:44'),
('56', 'odit', '1990-03-03 23:19:16', '2014-11-12 08:53:01'),
('57', 'blanditiis', '2019-11-30 18:57:13', '1983-03-28 07:19:55'),
('58', 'deserunt', '1977-04-28 14:11:23', '2018-05-02 00:57:19'),
('59', 'et', '2000-11-02 01:51:59', '2016-06-19 01:05:45'),
('60', 'aut', '1984-09-07 09:45:24', '2010-08-16 18:42:55'),
('61', 'quae', '1997-04-29 23:52:37', '1977-11-17 14:13:29'),
('62', 'eligendi', '2001-02-23 03:15:55', '1992-11-24 16:12:48'),
('63', 'ut', '1996-05-14 13:47:30', '2016-05-06 05:57:39'),
('64', 'sunt', '1973-03-30 23:12:42', '2012-10-24 11:40:03'),
('65', 'dignissimos', '2002-10-06 10:59:54', '1984-07-12 16:44:05'),
('66', 'nobis', '1998-03-19 11:09:18', '1979-01-19 02:02:06'),
('67', 'cum', '1986-04-22 09:52:10', '1984-10-28 21:26:11'),
('68', 'iure', '1976-11-24 00:04:31', '1978-11-04 13:32:53'),
('69', 'distinctio', '2017-10-24 09:16:22', '2006-02-17 20:37:17'),
('70', 'corporis', '2015-09-17 21:34:32', '1974-05-26 17:15:27'),
('71', 'quisquam', '1974-10-20 20:23:27', '2016-07-16 09:06:52'),
('72', 'ut', '2020-01-13 07:53:42', '1970-07-28 07:33:05'),
('73', 'quo', '1984-01-02 20:42:17', '1995-01-02 05:50:05'),
('74', 'quidem', '2010-03-12 15:29:00', '1974-02-06 17:02:48'),
('75', 'veniam', '1992-09-27 17:45:59', '2000-08-21 10:06:30'),
('76', 'vero', '2002-11-08 12:49:19', '1977-07-21 00:46:31'),
('77', 'reprehenderit', '1993-01-27 18:09:27', '2003-09-13 01:33:43'),
('78', 'optio', '2021-06-04 18:36:48', '1993-05-09 13:12:52'),
('79', 'est', '1995-07-03 00:07:26', '2011-03-20 14:02:07'),
('80', 'culpa', '1970-12-15 08:24:34', '1978-05-20 10:18:38'),
('81', 'ut', '2014-02-17 04:15:35', '2006-03-09 14:18:48'),
('82', 'porro', '2001-03-31 04:10:27', '2013-08-18 17:02:59'),
('83', 'a', '1992-08-09 02:37:55', '2015-08-13 00:17:51'),
('84', 'natus', '2016-01-29 18:44:44', '1995-02-27 15:05:37'),
('85', 'minus', '1985-08-02 20:45:48', '2012-02-26 21:59:37'),
('86', 'harum', '1991-01-03 05:09:19', '1977-08-06 23:18:54'),
('87', 'fuga', '2017-12-23 09:55:46', '1973-12-17 16:11:40'),
('88', 'omnis', '2011-04-30 01:39:58', '2018-01-28 22:43:59'),
('89', 'pariatur', '1981-03-09 05:01:10', '1998-02-03 01:31:06'),
('90', 'dolorem', '2011-03-04 05:26:48', '1989-10-31 20:02:50'),
('91', 'reprehenderit', '2019-12-30 02:25:54', '1978-12-10 10:46:36'),
('92', 'nisi', '2016-12-01 13:53:51', '1992-10-01 22:59:52'),
('93', 'tenetur', '1993-03-08 05:33:40', '1996-10-20 11:37:12'),
('94', 'qui', '1999-05-19 06:23:47', '1993-09-29 08:32:40'),
('95', 'reprehenderit', '2017-12-17 13:41:05', '2015-10-19 08:33:42'),
('96', 'voluptatem', '1987-06-18 20:50:37', '2013-06-09 20:01:42'),
('97', 'sapiente', '1991-01-19 10:58:29', '1978-12-19 16:33:55'),
('98', 'non', '2012-05-29 14:30:25', '2018-09-06 05:56:16'),
('99', 'aspernatur', '1988-11-13 01:41:12', '1980-07-10 13:42:32'),
('100', 'sequi', '1988-11-13 23:49:47', '1973-08-13 18:45:01');

DROP TABLE IF EXISTS orders; -- заказы 
CREATE TABLE orders (
  id SERIAL PRIMARY KEY,
  client_id BIGINT UNSIGNED NOT NULL UNIQUE,
  engine_id BIGINT UNSIGNED NOT NULL UNIQUE,
  supplier_id BIGINT UNSIGNED NOT NULL UNIQUE,
  contract_number BIGINT UNSIGNED NOT NULL,
  created_at DATETIME DEFAULT CURRENT_TIMESTAMP,
  updated_at DATETIME DEFAULT CURRENT_TIMESTAMP ON UPDATE CURRENT_TIMESTAMP,
  
  KEY index_of_client_id (client_id),
  FOREIGN KEY (engine_id) REFERENCES engines(id),
  FOREIGN KEY (client_id) REFERENCES clients(id),
  FOREIGN KEY (supplier_id) REFERENCES suppliers(id)
);

INSERT INTO orders (id, client_id, engine_id, supplier_id, contract_number, created_at, updated_at) VALUES 
('1', '1', '1', '1', '4', '1987-07-29 10:17:17', '1971-07-16 15:16:20'),
('2', '2', '2', '2', '326', '1974-05-26 14:20:51', '2014-08-22 00:50:05'),
('3', '3', '3', '3', '76704376', '2006-05-19 09:48:26', '1997-01-24 05:59:47'),
('4', '4', '4', '4', '46508', '2011-07-19 08:32:34', '1987-08-21 02:14:12'),
('5', '5', '5', '5', '96904', '1983-10-18 12:17:28', '2020-06-28 18:45:45'),
('6', '6', '6', '6', '56898', '2018-03-16 08:01:51', '2016-03-17 19:06:03'),
('7', '7', '7', '7', '6234', '1979-09-02 16:59:27', '1995-06-28 03:25:45'),
('8', '8', '8', '8', '365755400', '2016-12-16 19:54:30', '1997-12-29 18:03:50'),
('9', '9', '9', '9', '803', '1996-09-28 09:49:59', '2012-12-02 05:05:50'),
('10', '10', '10', '10', '28', '2000-03-19 06:03:05', '1991-01-09 00:11:17'),
('11', '11', '11', '11', '48299163', '2005-10-23 07:35:18', '2016-10-03 17:53:02'),
('12', '12', '12', '12', '736', '2020-06-20 13:36:18', '2003-11-04 10:21:31'),
('13', '13', '13', '13', '1', '1983-04-25 07:57:06', '1998-10-27 06:04:31'),
('14', '14', '14', '14', '4', '2009-06-10 16:32:18', '2009-08-23 08:28:29'),
('15', '15', '15', '15', '919244576', '2020-02-12 11:19:34', '1994-08-04 13:32:01');

